<?xml version="1.0" encoding="utf-8"?>
    <TileMap version="1.0.0" tilemapservice="http://tms.osgeo.org/1.0.0">
      <Title>urban_density_solsel_asli.tif</Title>
      <Abstract></Abstract>
      <SRS>EPSG:3857</SRS>
      <BoundingBox minx="100.88799292889520" miny="-1.72519089118095" maxx="101.67259597536716" maxy="-1.00440631917404"/>
      <Origin x="100.88799292889520" y="-1.72519089118095"/>
      <TileFormat width="256" height="256" mime-type="image/png" extension="png"/>
      <TileSets profile="mercator">
        <TileSet href="10" units-per-pixel="152.87405654296876" order="10"/>
        <TileSet href="11" units-per-pixel="76.43702827148438" order="11"/>
        <TileSet href="12" units-per-pixel="38.21851413574219" order="12"/>
        <TileSet href="13" units-per-pixel="19.10925706787109" order="13"/>
        <TileSet href="14" units-per-pixel="9.55462853393555" order="14"/>
      </TileSets>
    </TileMap>
    